Source,Destination,Property
0,18,1
4,18,1
10,18,1
11,18,1
15,18,1
16,18,1
18,59,1
18,118,1
18,128,1
18,136,1
18,137,1
18,420,1
18,722,1
18,735,1
18,790,1
18,848,1
18,1176,1
18,1191,1
18,1398,1
18,1399,1
18,1438,1
18,1453,1
18,1716,1
18,1754,1
18,1890,1
18,1891,1
18,1892,1
18,1893,1
18,1894,1
18,1895,1
18,1896,1
18,1897,1
18,1898,1
18,1899,1
18,1900,1
18,1901,1
18,1902,1
18,1903,1
18,1904,1
18,1905,1
18,1906,1
18,1907,1
18,1908,1
18,1909,1
18,1910,1
18,1911,1
18,1912,1
18,1913,1
18,1914,1
18,1915,1
20,18,1
21,18,1
25,18,1
26,18,1
27,18,1
31,18,1
33,18,1
36,18,1
39,18,1
44,18,1
46,18,1
49,18,1
52,18,1
53,18,1
54,18,1
58,18,1
59,18,1
62,18,1
63,18,1
64,18,1
65,18,1
67,18,1
68,18,1
71,18,1
77,18,1
78,18,1
79,18,1
82,18,1
83,18,1
85,18,1
88,18,1
90,18,1
91,18,1
96,18,1
97,18,1
99,18,1
101,18,1
102,18,1
104,18,1
107,18,1
108,18,1
110,18,1
111,18,1
112,18,1
116,18,1
119,18,1
120,18,1
124,18,1
125,18,1
126,18,1
128,18,1
130,18,1
132,18,1
133,18,1
136,18,1
137,18,1
139,18,1
140,18,1
141,18,1
142,18,1
3,18,1
210,18,1
215,18,1
222,18,1
225,18,1
232,18,1
233,18,1
237,18,1
254,18,1
297,18,1
300,18,1
318,18,1
319,18,1
320,18,1
322,18,1
325,18,1
327,18,1
329,18,1
334,18,1
335,18,1
338,18,1
340,18,1
341,18,1
342,18,1
343,18,1
346,18,1
348,18,1
352,18,1
353,18,1
355,18,1
356,18,1
357,18,1
359,18,1
362,18,1
366,18,1
372,18,1
373,18,1
374,18,1
375,18,1
378,18,1
379,18,1
380,18,1
383,18,1
384,18,1
391,18,1
392,18,1
395,18,1
403,18,1
404,18,1
405,18,1
407,18,1
412,18,1
413,18,1
414,18,1
416,18,1
418,18,1
420,18,1
421,18,1
424,18,1
425,18,1
427,18,1
428,18,1
429,18,1
431,18,1
432,18,1
436,18,1
439,18,1
441,18,1
442,18,1
443,18,1
445,18,1
447,18,1
448,18,1
451,18,1
453,18,1
516,18,1
549,18,1
555,18,1
563,18,1
576,18,1
586,18,1
592,18,1
625,18,1
645,18,1
649,18,1
663,18,1
684,18,1
704,18,1
728,18,1
735,18,1
738,18,1
789,18,1
860,18,1
947,18,1
1014,18,1
1075,18,1
1173,18,1
1181,18,1
1207,18,1
1438,18,1
1460,18,1
1510,18,1
1514,18,1
1520,18,1
1532,18,1
1620,18,1
1642,18,1
1718,18,1
1778,18,1
2040,18,1
2046,18,1
2144,18,1
2256,18,1
2470,18,1
2605,18,1
2656,18,1
2744,18,1
3174,18,1
3854,18,1
4313,18,1
4703,18,1
4706,18,1
4950,18,1
5412,18,1
6401,18,1
8842,18,1
2,18,1
333,18,1
545,18,1
547,18,1
552,18,1
554,18,1
556,18,1
558,18,1
559,18,1
562,18,1
198,18,1
640,18,1
686,18,1
688,18,1
693,18,1
696,18,1
697,18,1
700,18,1
223,18,1
639,18,1
724,18,1
726,18,1
730,18,1
733,18,1
734,18,1
736,18,1
737,18,1
249,18,1
303,18,1
560,18,1
775,18,1
778,18,1
782,18,1
784,18,1
787,18,1
788,18,1
790,18,1
791,18,1
792,18,1
301,18,1
635,18,1
844,18,1
848,18,1
849,18,1
71382,18,1
1003,18,1
1106,18,1
508,18,1
965,18,1
1128,18,1
1163,18,1
165,18,1
302,18,1
385,18,1
620,18,1
627,18,1
1026,18,1
1170,18,1
1171,18,1
1184,18,1
1185,18,1
1191,18,1
195,18,1
269,18,1
629,18,1
661,18,1
746,18,1
890,18,1
1245,18,1
1252,18,1
1254,18,1
1259,18,1
1260,18,1
1263,18,1
1275,18,1
1276,18,1
71388,18,1
199,18,1
242,18,1
624,18,1
653,18,1
946,18,1
1304,18,1
1307,18,1
1313,18,1
1314,18,1
1315,18,1
1321,18,1
1390,18,1
1391,18,1
1392,18,1
1398,18,1
1400,18,1
1404,18,1
1405,18,1
1406,18,1
1407,18,1
1408,18,1
1410,18,1
1575,18,1
1576,18,1
1712,18,1
1714,18,1
1716,18,1
143,18,1
241,18,1
703,18,1
805,18,1
1738,18,1
1740,18,1
1746,18,1
1748,18,1
1750,18,1
1751,18,1
1754,18,1
1286,18,1
1779,18,1
1453,18,1
1890,18,1
1891,18,1
1892,18,1
1893,18,1
1894,18,1
1895,18,1
1896,18,1
1897,18,1
1898,18,1
1901,18,1
1903,18,1
1904,18,1
1906,18,1
1907,18,1
1908,18,1
1910,18,1
1911,18,1
1912,18,1
1913,18,1
1914,18,1
1915,18,1
191,18,1
234,18,1
769,18,1
873,18,1
983,18,1
1031,18,1
1069,18,1
1238,18,1
1476,18,1
1554,18,1
1763,18,1
1935,18,1
1975,18,1
2024,18,1
2032,18,1
2033,18,1
2034,18,1
2035,18,1
2037,18,1
2042,18,1
2043,18,1
2047,18,1
2049,18,1
2051,18,1
2052,18,1
2053,18,1
2055,18,1
2056,18,1
2057,18,1
2060,18,1
2067,18,1
1622,18,1
2115,18,1
2116,18,1
1440,18,1
1504,18,1
1529,18,1
2217,18,1
2225,18,1
2226,18,1
2228,18,1
2231,18,1
2232,18,1
2237,18,1
2242,18,1
2246,18,1
2249,18,1
145,18,1
154,18,1
167,18,1
172,18,1
270,18,1
291,18,1
456,18,1
862,18,1
896,18,1
942,18,1
1098,18,1
1133,18,1
1157,18,1
1668,18,1
1815,18,1
1933,18,1
1934,18,1
2069,18,1
2075,18,1
2308,18,1
2329,18,1
2344,18,1
2364,18,1
2369,18,1
988,18,1
2372,18,1
2386,18,1
192,18,1
217,18,1
252,18,1
288,18,1
289,18,1
652,18,1
750,18,1
971,18,1
1020,18,1
1379,18,1
2440,18,1
2444,18,1
2445,18,1
2453,18,1
2460,18,1
637,18,1
705,18,1
906,18,1
1202,18,1
1652,18,1
1762,18,1
1970,18,1
2493,18,1
2497,18,1
2499,18,1
2504,18,1
2506,18,1
870,18,1
888,18,1
927,18,1
997,18,1
1483,18,1
1552,18,1
2006,18,1
2171,18,1
2287,18,1
2528,18,1
2548,18,1
2553,18,1
2558,18,1
2561,18,1
2564,18,1
2956,18,1
3264,18,1
3683,18,1
3979,18,1
4687,18,1
5829,18,1
925,18,1
1206,18,1
1224,18,1
1431,18,1
1432,18,1
1472,18,1
1507,18,1
1512,18,1
1623,18,1
1629,18,1
1635,18,1
2101,18,1
2151,18,1
2198,18,1
2629,18,1
2630,18,1
2631,18,1
2636,18,1
2639,18,1
2641,18,1
2643,18,1
2644,18,1
2646,18,1
2650,18,1
2651,18,1
2653,18,1
2655,18,1
2713,18,1
748,18,1
911,18,1
934,18,1
1007,18,1
1219,18,1
1283,18,1
2008,18,1
2084,18,1
2104,18,1
2201,18,1
2276,18,1
2678,18,1
2754,18,1
3352,18,1
4783,18,1
212,18,1
239,18,1
273,18,1
460,18,1
492,18,1
572,18,1
610,18,1
759,18,1
762,18,1
957,18,1
1006,18,1
1210,18,1
1284,18,1
1647,18,1
1766,18,1
1916,18,1
1945,18,1
1990,18,1
2272,18,1
2401,18,1
2476,18,1
2576,18,1
2786,18,1
2787,18,1
2788,18,1
2796,18,1
2805,18,1
2860,18,1
3429,18,1
3723,18,1
4525,18,1
5095,18,1
5462,18,1
6383,18,1
7484,18,1
2694,18,1
2817,18,1
2820,18,1
2862,18,1
2865,18,1
2870,18,1
2872,18,1
2873,18,1
213,18,1
485,18,1
487,18,1
617,18,1
636,18,1
825,18,1
1018,18,1
1025,18,1
1346,18,1
1477,18,1
1527,18,1
1551,18,1
2174,18,1
2290,18,1
2696,18,1
2995,18,1
3420,18,1
3505,18,1
3560,18,1
3766,18,1
3830,18,1
3832,18,1
3835,18,1
3864,18,1
3901,18,1
3929,18,1
3932,18,1
4109,18,1
4219,18,1
4333,18,1
4556,18,1
4557,18,1
5667,18,1
5778,18,1
6378,18,1
6761,18,1
8513,18,1
8686,18,1
9997,18,1
609,18,1
630,18,1
656,18,1
671,18,1
751,18,1
824,18,1
952,18,1
1227,18,1
1228,18,1
1232,18,1
1235,18,1
2156,18,1
2433,18,1
2928,18,1
2931,18,1
2949,18,1
2950,18,1
2953,18,1
2970,18,1
2973,18,1
2975,18,1
2976,18,1
2978,18,1
2980,18,1
2981,18,1
2986,18,1
2992,18,1
3142,18,1
4345,18,1
4560,18,1
4929,18,1
4955,18,1
5257,18,1
5908,18,1
6055,18,1
6342,18,1
10912,18,1
15109,18,1
71395,18,1
71396,18,1
1707,18,1
1955,18,1
3076,18,1
251,18,1
2206,18,1
3109,18,1
3110,18,1
3117,18,1
909,18,1
3176,18,1
3180,18,1
1021,18,1
1142,18,1
1606,18,1
1765,18,1
2016,18,1
2097,18,1
2411,18,1
3254,18,1
3261,18,1
3262,18,1
3263,18,1
3268,18,1
3270,18,1
3274,18,1
3277,18,1
3278,18,1
3282,18,1
3283,18,1
4070,18,1
4115,18,1
4123,18,1
4785,18,1
5934,18,1
71400,18,1
228,18,1
488,18,1
1690,18,1
1962,18,1
2729,18,1
3321,18,1
3328,18,1
634,18,1
803,18,1
907,18,1
277,18,1
514,18,1
535,18,1
960,18,1
1225,18,1
2140,18,1
2698,18,1
2810,18,1
3361,18,1
3369,18,1
3371,18,1
3694,18,1
147,18,1
188,18,1
540,18,1
642,18,1
955,18,1
1428,18,1
1430,18,1
1489,18,1
1645,18,1
1650,18,1
1657,18,1
1836,18,1
1883,18,1
1885,18,1
1918,18,1
1994,18,1
2070,18,1
2082,18,1
2088,18,1
2572,18,1
2574,18,1
2706,18,1
2728,18,1
2750,18,1
3039,18,1
3138,18,1
3234,18,1
3401,18,1
3403,18,1
3405,18,1
3408,18,1
3412,18,1
3418,18,1
3423,18,1
3425,18,1
3431,18,1
3432,18,1
3434,18,1
3438,18,1
3454,18,1
3457,18,1
3458,18,1
3497,18,1
3498,18,1
3499,18,1
3500,18,1
3501,18,1
3502,18,1
3503,18,1
3511,18,1
3527,18,1
3533,18,1
3534,18,1
3555,18,1
3720,18,1
3887,18,1
3919,18,1
3984,18,1
3993,18,1
4045,18,1
4050,18,1
4072,18,1
4161,18,1
4165,18,1
4167,18,1
4170,18,1
4187,18,1
4202,18,1
4282,18,1
4320,18,1
4397,18,1
4415,18,1
4511,18,1
4676,18,1
4952,18,1
4970,18,1
4978,18,1
5119,18,1
5178,18,1
5205,18,1
5206,18,1
5209,18,1
5659,18,1
5679,18,1
5758,18,1
5789,18,1
5966,18,1
6084,18,1
6156,18,1
6159,18,1
6245,18,1
6247,18,1
6371,18,1
6420,18,1
6839,18,1
6853,18,1
7429,18,1
7619,18,1
7637,18,1
7643,18,1
7935,18,1
7961,18,1
8019,18,1
8040,18,1
8061,18,1
8136,18,1
8158,18,1
8288,18,1
8684,18,1
8969,18,1
9736,18,1
10606,18,1
10675,18,1
10856,18,1
11052,18,1
11278,18,1
11333,18,1
11695,18,1
11852,18,1
15335,18,1
15923,18,1
17581,18,1
18931,18,1
19660,18,1
20090,18,1
34981,18,1
71402,18,1
71403,18,1
71404,18,1
1953,18,1
2279,18,1
2525,18,1
2549,18,1
3379,18,1
3554,18,1
3557,18,1
3559,18,1
3564,18,1
3673,18,1
3677,18,1
570,18,1
3679,18,1
3688,18,1
1544,18,1
3714,18,1
1519,18,1
3906,18,1
669,18,1
1564,18,1
670,18,1
1288,18,1
4038,18,1
4039,18,1
4040,18,1
4043,18,1
4051,18,1
4060,18,1
4061,18,1
1494,18,1
1732,18,1
4116,18,1
4185,18,1
4186,18,1
4231,18,1
814,18,1
1242,18,1
2107,18,1
2686,18,1
4259,18,1
4274,18,1
4276,18,1
709,18,1
2538,18,1
3595,18,1
4010,18,1
4316,18,1
4317,18,1
4321,18,1
4323,18,1
4325,18,1
4330,18,1
4331,18,1
4332,18,1
4334,18,1
4338,18,1
4343,18,1
4363,18,1
5916,18,1
1471,18,1
3780,18,1
4418,18,1
4421,18,1
1720,18,1
4523,18,1
606,18,1
644,18,1
1445,18,1
1503,18,1
3306,18,1
4081,18,1
4552,18,1
4554,18,1
4558,18,1
4564,18,1
4577,18,1
4603,18,1
4798,18,1
5286,18,1
5474,18,1
6077,18,1
3825,18,1
4618,18,1
525,18,1
970,18,1
1059,18,1
1702,18,1
1724,18,1
1811,18,1
2695,18,1
3965,18,1
4197,18,1
4545,18,1
4685,18,1
4688,18,1
4690,18,1
4701,18,1
839,18,1
4770,18,1
828,18,1
831,18,1
1631,18,1
1653,18,1
1705,18,1
2153,18,1
3579,18,1
3985,18,1
3995,18,1
4782,18,1
4790,18,1
4791,18,1
4792,18,1
1699,18,1
2098,18,1
3226,18,1
4862,18,1
4867,18,1
4877,18,1
4886,18,1
4019,18,1
1441,18,1
1626,18,1
1694,18,1
3514,18,1
3880,18,1
3892,18,1
4016,18,1
4834,18,1
4941,18,1
4944,18,1
4949,18,1
4957,18,1
4961,18,1
4962,18,1
4963,18,1
4966,18,1
4967,18,1
4972,18,1
4977,18,1
4982,18,1
238,18,1
279,18,1
290,18,1
1433,18,1
1473,18,1
2105,18,1
3576,18,1
4102,18,1
4803,18,1
5061,18,1
5078,18,1
5328,18,1
8038,18,1
71405,18,1
4368,18,1
1434,18,1
771,18,1
1882,18,1
3585,18,1
5138,18,1
5141,18,1
5147,18,1
1496,18,1
5177,18,1
1522,18,1
1541,18,1
2197,18,1
2356,18,1
3704,18,1
4199,18,1
5241,18,1
5246,18,1
5248,18,1
5255,18,1
5256,18,1
5263,18,1
5266,18,1
5275,18,1
5278,18,1
5283,18,1
6176,18,1
1234,18,1
2277,18,1
2732,18,1
2736,18,1
3223,18,1
3828,18,1
4032,18,1
5181,18,1
5318,18,1
5329,18,1
2680,18,1
5354,18,1
5355,18,1
747,18,1
3655,18,1
5385,18,1
3240,18,1
5415,18,1
4112,18,1
2108,18,1
2735,18,1
5410,18,1
5632,18,1
5644,18,1
5663,18,1
1665,18,1
5674,18,1
5675,18,1
5681,18,1
459,18,1
2275,18,1
4214,18,1
4907,18,1
5762,18,1
5770,18,1
5776,18,1
3005,18,1
5812,18,1
5813,18,1
5840,18,1
1495,18,1
1518,18,1
1950,18,1
3875,18,1
4017,18,1
5941,18,1
5951,18,1
5952,18,1
5955,18,1
5958,18,1
5962,18,1
5965,18,1
5967,18,1
1528,18,1
5344,18,1
6144,18,1
2679,18,1
6041,18,1
6045,18,1
6053,18,1
668,18,1
2013,18,1
4205,18,1
6114,18,1
4757,18,1
6168,18,1
6170,18,1
607,18,1
1454,18,1
2526,18,1
5307,18,1
6285,18,1
6301,18,1
5056,18,1
840,18,1
3386,18,1
6365,18,1
6419,18,1
1455,18,1
530,18,1
1860,18,1
6555,18,1
6560,18,1
6562,18,1
6563,18,1
3990,18,1
6601,18,1
6613,18,1
6618,18,1
1863,18,1
6625,18,1
6629,18,1
6688,18,1
6692,18,1
1656,18,1
5023,18,1
6710,18,1
6717,18,1
6730,18,1
6736,18,1
4406,18,1
6809,18,1
1017,18,1
1436,18,1
1501,18,1
1523,18,1
2167,18,1
3774,18,1
5580,18,1
5864,18,1
6861,18,1
6868,18,1
919,18,1
6001,18,1
6893,18,1
6904,18,1
1463,18,1
1497,18,1
1659,18,1
6960,18,1
6962,18,1
6963,18,1
1655,18,1
7059,18,1
4537,18,1
4596,18,1
6255,18,1
6752,18,1
1556,18,1
3583,18,1
4661,18,1
7131,18,1
1678,18,1
3806,18,1
7075,18,1
7172,18,1
908,18,1
1636,18,1
5939,18,1
7243,18,1
3921,18,1
7303,18,1
7312,18,1
7318,18,1
146,18,1
469,18,1
707,18,1
1039,18,1
1608,18,1
1985,18,1
2607,18,1
2914,18,1
3737,18,1
5393,18,1
5518,18,1
7329,18,1
7332,18,1
7788,18,1
26161,18,1
1144,18,1
7365,18,1
5437,18,1
5724,18,1
6183,18,1
5060,18,1
6318,18,1
468,18,1
1359,18,1
1979,18,1
2019,18,1
294,18,1
6653,18,1
16313,18,1
176,18,1
5514,18,1
186,18,1
4761,18,1
1927,18,1
2827,18,1
4188,18,1
4902,18,1
808,18,1
2410,18,1
4725,18,1
4828,18,1
7692,18,1
11007,18,1
1443,18,1
1469,18,1
1209,18,1
1946,18,1
7784,18,1
7817,18,1
4003,18,1
6004,18,1
206,18,1
1728,18,1
7837,18,1
904,18,1
3738,18,1
7872,18,1
7885,18,1
214,18,1
5161,18,1
7881,18,1
2189,18,1
4410,18,1
5594,18,1
6358,18,1
7884,18,1
7892,18,1
7896,18,1
4080,18,1
7912,18,1
1614,18,1
1646,18,1
1857,18,1
2684,18,1
3986,18,1
7920,18,1
7922,18,1
7949,18,1
11568,18,1
7051,18,1
3225,18,1
5428,18,1
8002,18,1
8003,18,1
3488,18,1
246,18,1
1382,18,1
3666,18,1
749,18,1
8062,18,1
8156,18,1
8170,18,1
1378,18,1
4306,18,1
8238,18,1
5754,18,1
6359,18,1
8244,18,1
8248,18,1
7664,18,1
1692,18,1
8268,18,1
8280,18,1
8286,18,1
8291,18,1
1930,18,1
8303,18,1
8307,18,1
7918,18,1
526,18,1
1423,18,1
6701,18,1
8334,18,1
8344,18,1
2092,18,1
274,18,1
3507,18,1
7114,18,1
801,18,1
3582,18,1
4407,18,1
5359,18,1
2286,18,1
5831,18,1
8423,18,1
8425,18,1
8434,18,1
8436,18,1
8440,18,1
8441,18,1
3837,18,1
5499,18,1
3222,18,1
3589,18,1
4206,18,1
6837,18,1
8530,18,1
8532,18,1
8539,18,1
1831,18,1
622,18,1
2188,18,1
2203,18,1
5373,18,1
8029,18,1
8557,18,1
8562,18,1
8564,18,1
8569,18,1
891,18,1
1526,18,1
1637,18,1
2212,18,1
3011,18,1
4169,18,1
4394,18,1
6402,18,1
6824,18,1
8592,18,1
8594,18,1
8613,18,1
8616,18,1
15653,18,1
4679,18,1
836,18,1
1490,18,1
1508,18,1
8680,18,1
3827,18,1
3879,18,1
518,18,1
8836,18,1
308,18,1
3594,18,1
1030,18,1
9008,18,1
9023,18,1
6326,18,1
3925,18,1
9140,18,1
5604,18,1
8140,18,1
8483,18,1
8732,18,1
9100,18,1
9155,18,1
9157,18,1
3210,18,1
8941,18,1
537,18,1
6095,18,1
9223,18,1
3241,18,1
1976,18,1
1539,18,1
5027,18,1
8989,18,1
9252,18,1
9254,18,1
9257,18,1
1867,18,1
2152,18,1
3859,18,1
3939,18,1
5033,18,1
5380,18,1
8754,18,1
8974,18,1
9294,18,1
9296,18,1
9306,18,1
9310,18,1
9313,18,1
9315,18,1
9323,18,1
9329,18,1
9331,18,1
9335,18,1
9345,18,1
17495,18,1
18343,18,1
32059,18,1
929,18,1
6243,18,1
9356,18,1
9365,18,1
8128,18,1
9404,18,1
1805,18,1
1849,18,1
2003,18,1
2826,18,1
6014,18,1
6827,18,1
7408,18,1
9430,18,1
4832,18,1
1661,18,1
5581,18,1
6219,18,1
9487,18,1
9491,18,1
1465,18,1
2175,18,1
3941,18,1
8060,18,1
2751,18,1
5886,18,1
616,18,1
1511,18,1
1684,18,1
9591,18,1
5032,18,1
9646,18,1
1967,18,1
1978,18,1
9673,18,1
1919,18,1
5690,18,1
898,18,1
1840,18,1
6501,18,1
9820,18,1
9841,18,1
9846,18,1
543,18,1
876,18,1
3131,18,1
7430,18,1
9881,18,1
8021,18,1
10002,18,1
4527,18,1
10068,18,1
10080,18,1
4296,18,1
623,18,1
10159,18,1
5371,18,1
10210,18,1
5942,18,1
4607,18,1
6391,18,1
5752,18,1
10297,18,1
10306,18,1
9075,18,1
6941,18,1
8827,18,1
10378,18,1
1735,18,1
2402,18,1
2747,18,1
5102,18,1
5511,18,1
3525,18,1
9458,18,1
10497,18,1
1084,18,1
3198,18,1
1920,18,1
10595,18,1
4399,18,1
7622,18,1
8018,18,1
6324,18,1
18902,18,1
5795,18,1
10672,18,1
1500,18,1
1853,18,1
2481,18,1
7110,18,1
1986,18,1
4656,18,1
7031,18,1
10695,18,1
10700,18,1
10702,18,1
10704,18,1
10705,18,1
1865,18,1
3165,18,1
10782,18,1
8716,18,1
8030,18,1
10838,18,1
10847,18,1
9768,18,1
10892,18,1
10914,18,1
465,18,1
10937,18,1
10938,18,1
2623,18,1
1960,18,1
1949,18,1
3935,18,1
1961,18,1
1941,18,1
1943,18,1
8200,18,1
71391,18,1
1968,18,1
11089,18,1
9651,18,1
11094,18,1
11114,18,1
5427,18,1
519,18,1
539,18,1
10459,18,1
11230,18,1
11231,18,1
11238,18,1
11271,18,1
3519,18,1
3591,18,1
6393,18,1
10413,18,1
11288,18,1
1767,18,1
8860,18,1
11318,18,1
3134,18,1
6772,18,1
11328,18,1
5510,18,1
968,18,1
2100,18,1
2270,18,1
5191,18,1
9619,18,1
10182,18,1
10219,18,1
1669,18,1
1721,18,1
1727,18,1
2704,18,1
3089,18,1
3474,18,1
7035,18,1
8130,18,1
11519,18,1
12352,18,1
18261,18,1
19655,18,1
1879,18,1
1971,18,1
7559,18,1
8823,18,1
8867,18,1
10485,18,1
8976,18,1
11520,18,1
11521,18,1
5750,18,1
11653,18,1
11654,18,1
2889,18,1
6518,18,1
6793,18,1
11683,18,1
821,18,1
11711,18,1
11747,18,1
1517,18,1
2697,18,1
4821,18,1
8985,18,1
11763,18,1
11765,18,1
11766,18,1
3888,18,1
5309,18,1
6820,18,1
10792,18,1
11813,18,1
19885,18,1
1634,18,1
1991,18,1
4024,18,1
4200,18,1
5873,18,1
6381,18,1
8133,18,1
8634,18,1
9057,18,1
9743,18,1
11859,18,1
11860,18,1
11868,18,1
24245,18,1
3523,18,1
3968,18,1
9582,18,1
11453,18,1
11479,18,1
602,18,1
3586,18,1
4358,18,1
5974,18,1
7050,18,1
8902,18,1
10624,18,1
10860,18,1
11644,18,1
11943,18,1
11961,18,1
11983,18,1
11998,18,1
12210,18,1
14795,18,1
605,18,1
2145,18,1
12023,18,1
4626,18,1
9693,18,1
3487,18,1
4594,18,1
10803,18,1
1077,18,1
4547,18,1
5425,18,1
8321,18,1
7106,18,1
11649,18,1
12241,18,1
14844,18,1
12285,18,1
2157,18,1
6589,18,1
3754,18,1
3856,18,1
5901,18,1
6374,18,1
7095,18,1
7210,18,1
8541,18,1
10109,18,1
14424,18,1
26367,18,1
5992,18,1
12388,18,1
841,18,1
1917,18,1
1921,18,1
1925,18,1
1974,18,1
2102,18,1
2363,18,1
4001,18,1
4195,18,1
4216,18,1
4295,18,1
5470,18,1
5782,18,1
5803,18,1
6666,18,1
7044,18,1
7499,18,1
7719,18,1
8017,18,1
8914,18,1
10723,18,1
12449,18,1
12450,18,1
12453,18,1
13289,18,1
13508,18,1
13509,18,1
14078,18,1
14634,18,1
14955,18,1
15003,18,1
16036,18,1
16398,18,1
16956,18,1
17929,18,1
18920,18,1
21320,18,1
23078,18,1
24742,18,1
30313,18,1
36252,18,1
38041,18,1
71967,18,1
1091,18,1
1505,18,1
1616,18,1
1926,18,1
4223,18,1
7124,18,1
7610,18,1
8032,18,1
8996,18,1
12496,18,1
12502,18,1
12505,18,1
12868,18,1
14125,18,1
14343,18,1
14392,18,1
14912,18,1
16756,18,1
21363,18,1
22572,18,1
23231,18,1
29529,18,1
12510,18,1
3090,18,1
1424,18,1
4180,18,1
6590,18,1
12546,18,1
12565,18,1
12579,18,1
3898,18,1
3937,18,1
6397,18,1
12628,18,1
708,18,1
1492,18,1
1937,18,1
1956,18,1
1980,18,1
2883,18,1
3311,18,1
4895,18,1
5503,18,1
5539,18,1
5887,18,1
6593,18,1
10206,18,1
10591,18,1
12964,18,1
13515,18,1
13814,18,1
16250,18,1
20833,18,1
27651,18,1
57633,18,1
1845,18,1
6012,18,1
6036,18,1
7409,18,1
10064,18,1
12727,18,1
12750,18,1
12758,18,1
12762,18,1
12763,18,1
12769,18,1
12770,18,1
12780,18,1
12785,18,1
12795,18,1
4601,18,1
5832,18,1
6742,18,1
10240,18,1
11368,18,1
12717,18,1
6487,18,1
12821,18,1
3860,18,1
6784,18,1
13437,18,1
1567,18,1
5501,18,1
12948,18,1
12953,18,1
7621,18,1
7725,18,1
12991,18,1
13016,18,1
6104,18,1
2176,18,1
2471,18,1
3960,18,1
5542,18,1
7394,18,1
13084,18,1
13299,18,1
18126,18,1
19414,18,1
20744,18,1
1474,18,1
5994,18,1
9102,18,1
11600,18,1
1562,18,1
2614,18,1
13222,18,1
13227,18,1
864,18,1
4606,18,1
6081,18,1
7431,18,1
8184,18,1
9995,18,1
11413,18,1
13276,18,1
13277,18,1
53000,18,1
5498,18,1
7549,18,1
2707,18,1
13507,18,1
7524,18,1
13588,18,1
13590,18,1
5228,18,1
5534,18,1
7372,18,1
7513,18,1
8495,18,1
13688,18,1
13408,18,1
4090,18,1
13726,18,1
13822,18,1
1701,18,1
13864,18,1
5792,18,1
8316,18,1
13962,18,1
2743,18,1
4775,18,1
6215,18,1
4128,18,1
3861,18,1
4179,18,1
744,18,1
5991,18,1
6229,18,1
4482,18,1
6677,18,1
7522,18,1
14107,18,1
3135,18,1
754,18,1
1996,18,1
1757,18,1
2012,18,1
2427,18,1
4897,18,1
5502,18,1
6573,18,1
6896,18,1
8388,18,1
10542,18,1
14308,18,1
14378,18,1
14635,18,1
15998,18,1
18329,18,1
19993,18,1
21520,18,1
24895,18,1
30092,18,1
9858,18,1
1449,18,1
1989,18,1
4027,18,1
4489,18,1
5216,18,1
5223,18,1
7615,18,1
11429,18,1
13788,18,1
14002,18,1
14519,18,1
14600,18,1
16050,18,1
16248,18,1
17009,18,1
3923,18,1
7032,18,1
3239,18,1
5020,18,1
7636,18,1
1462,18,1
14775,18,1
14812,18,1
6815,18,1
6762,18,1
13198,18,1
1983,18,1
2014,18,1
2017,18,1
7371,18,1
15057,18,1
7528,18,1
3886,18,1
6008,18,1
7688,18,1
19232,18,1
1667,18,1
12538,18,1
15150,18,1
1847,18,1
8671,18,1
12807,18,1
15203,18,1
20294,18,1
8975,18,1
13713,18,1
940,18,1
15254,18,1
15350,18,1
1964,18,1
21710,18,1
15492,18,1
1958,18,1
2004,18,1
4736,18,1
5800,18,1
14602,18,1
15538,18,1
857,18,1
5999,18,1
6814,18,1
9084,18,1
15575,18,1
15620,18,1
10257,18,1
1939,18,1
1947,18,1
18799,18,1
15741,18,1
1373,18,1
6491,18,1
6496,18,1
6505,18,1
7530,18,1
8715,18,1
15803,18,1
15806,18,1
15832,18,1
1680,18,1
5050,18,1
11756,18,1
15837,18,1
1491,18,1
8821,18,1
15237,18,1
11175,18,1
1458,18,1
5175,18,1
1972,18,1
16075,18,1
4088,18,1
1835,18,1
10874,18,1
6668,18,1
16141,18,1
1965,18,1
16212,18,1
5496,18,1
1931,18,1
14419,18,1
16294,18,1
7709,18,1
16324,18,1
16359,18,1
16360,18,1
16416,18,1
5572,18,1
7774,18,1
16478,18,1
1662,18,1
16485,18,1
5432,18,1
5791,18,1
16571,18,1
16673,18,1
16739,18,1
16805,18,1
16835,18,1
16947,18,1
16382,18,1
13115,18,1
17045,18,1
1364,18,1
1942,18,1
9172,18,1
17080,18,1
17087,18,1
4501,18,1
4673,18,1
5224,18,1
6527,18,1
6656,18,1
7421,18,1
7426,18,1
10190,18,1
10330,18,1
15941,18,1
16887,18,1
17429,18,1
19737,18,1
21006,18,1
26438,18,1
26737,18,1
17164,18,1
13461,18,1
4403,18,1
5505,18,1
16721,18,1
1088,18,1
1093,18,1
4714,18,1
17235,18,1
13743,18,1
16334,18,1
17261,18,1
17263,18,1
17266,18,1
1984,18,1
2103,18,1
1682,18,1
3215,18,1
3840,18,1
4212,18,1
5793,18,1
5918,18,1
6574,18,1
18620,18,1
32941,18,1
17632,18,1
17649,18,1
1864,18,1
12810,18,1
15766,18,1
17804,18,1
17808,18,1
1447,18,1
1563,18,1
10313,18,1
10623,18,1
10643,18,1
10826,18,1
13561,18,1
17933,18,1
18346,18,1
19790,18,1
21244,18,1
25891,18,1
6177,18,1
16169,18,1
17945,18,1
3865,18,1
4913,18,1
5995,18,1
7546,18,1
1954,18,1
4811,18,1
5112,18,1
10293,18,1
18127,18,1
2089,18,1
10258,18,1
6818,18,1
11576,18,1
6937,18,1
1356,18,1
18518,18,1
1633,18,1
1355,18,1
1360,18,1
18735,18,1
18196,18,1
4360,18,1
18763,18,1
3869,18,1
3952,18,1
4182,18,1
18349,18,1
20091,18,1
8419,18,1
5889,18,1
13372,18,1
2165,18,1
1663,18,1
1963,18,1
9762,18,1
10321,18,1
12939,18,1
13578,18,1
18783,18,1
30338,18,1
30984,18,1
9738,18,1
13564,18,1
18360,18,1
18544,18,1
19225,18,1
1427,18,1
6764,18,1
7624,18,1
16852,18,1
17798,18,1
4384,18,1
6829,18,1
10775,18,1
19406,18,1
19413,18,1
18881,18,1
16643,18,1
19608,18,1
8780,18,1
19003,18,1
19695,18,1
3536,18,1
4461,18,1
17559,18,1
14940,18,1
17269,18,1
17503,18,1
18778,18,1
19811,18,1
19816,18,1
19817,18,1
19820,18,1
19824,18,1
19825,18,1
19826,18,1
1628,18,1
7074,18,1
7418,18,1
14956,18,1
19877,18,1
19900,18,1
19903,18,1
19946,18,1
6681,18,1
10736,18,1
11205,18,1
1461,18,1
4914,18,1
13907,18,1
20156,18,1
18887,18,1
1480,18,1
6667,18,1
10629,18,1
11202,18,1
20196,18,1
10132,18,1
9151,18,1
20238,18,1
18989,18,1
6005,18,1
15667,18,1
20293,18,1
19564,18,1
23306,18,1
7633,18,1
1545,18,1
12798,18,1
15848,18,1
16912,18,1
20435,18,1
20734,18,1
18352,18,1
17482,18,1
20497,18,1
3584,18,1
9440,18,1
20514,18,1
9091,18,1
12809,18,1
20649,18,1
20684,18,1
20798,18,1
20452,18,1
5610,18,1
8724,18,1
7289,18,1
8124,18,1
8871,18,1
9719,18,1
9740,18,1
16968,18,1
20933,18,1
20957,18,1
21012,18,1
21027,18,1
1538,18,1
9085,18,1
11581,18,1
12961,18,1
10436,18,1
7627,18,1
17911,18,1
3928,18,1
6703,18,1
21305,18,1
7120,18,1
21365,18,1
5421,18,1
1995,18,1
2022,18,1
18933,18,1
21521,18,1
21536,18,1
21541,18,1
27948,18,1
21608,18,1
21635,18,1
17715,18,1
19349,18,1
2199,18,1
6024,18,1
21824,18,1
6661,18,1
21834,18,1
5639,18,1
8712,18,1
6765,18,1
9606,18,1
10514,18,1
21564,18,1
22015,18,1
8189,18,1
4730,18,1
10163,18,1
15166,18,1
22180,18,1
18540,18,1
22300,18,1
8149,18,1
8972,18,1
1683,18,1
22441,18,1
5164,18,1
14632,18,1
22471,18,1
22478,18,1
22479,18,1
22480,18,1
17974,18,1
6996,18,1
12734,18,1
10553,18,1
16725,18,1
13580,18,1
21945,18,1
10380,18,1
5300,18,1
22634,18,1
13104,18,1
22673,18,1
22693,18,1
1859,18,1
5187,18,1
11560,18,1
13466,18,1
19368,18,1
22855,18,1
6467,18,1
23009,18,1
1846,18,1
15661,18,1
1998,18,1
3802,18,1
10741,18,1
15098,18,1
1799,18,1
1801,18,1
9998,18,1
14954,18,1
1824,18,1
23720,18,1
6659,18,1
7048,18,1
17013,18,1
19387,18,1
23882,18,1
23891,18,1
23920,18,1
24571,18,1
33708,18,1
23957,18,1
10824,18,1
23978,18,1
1844,18,1
24052,18,1
24058,18,1
20790,18,1
22893,18,1
19779,18,1
24132,18,1
24152,18,1
24203,18,1
74656,18,1
11575,18,1
3201,18,1
24200,18,1
10733,18,1
22408,18,1
20368,18,1
1862,18,1
19561,18,1
1866,18,1
1869,18,1
18223,18,1
22305,18,1
24430,18,1
1876,18,1
24465,18,1
3734,18,1
8313,18,1
9649,18,1
24633,18,1
18367,18,1
7958,18,1
24877,18,1
1922,18,1
1923,18,1
1924,18,1
1928,18,1
1929,18,1
1932,18,1
1936,18,1
1938,18,1
1940,18,1
1944,18,1
1948,18,1
1951,18,1
1952,18,1
1957,18,1
1959,18,1
1966,18,1
1969,18,1
1973,18,1
1977,18,1
1981,18,1
1982,18,1
25018,18,1
1987,18,1
1988,18,1
1992,18,1
1993,18,1
1997,18,1
1999,18,1
2000,18,1
2001,18,1
2002,18,1
2005,18,1
2007,18,1
2009,18,1
24562,18,1
2010,18,1
2011,18,1
2015,18,1
2018,18,1
2020,18,1
2021,18,1
16221,18,1
24759,18,1
3515,18,1
7435,18,1
10846,18,1
17203,18,1
17451,18,1
9457,18,1
9461,18,1
11777,18,1
12592,18,1
13562,18,1
16718,18,1
25425,18,1
25939,18,1
17900,18,1
7900,18,1
25507,18,1
13524,18,1
19159,18,1
18350,18,1
9453,18,1
8896,18,1
14636,18,1
6529,18,1
19063,18,1
25617,18,1
19289,18,1
25684,18,1
4621,18,1
18579,18,1
10366,18,1
13404,18,1
25850,18,1
18116,18,1
25884,18,1
5917,18,1
26425,18,1
9766,18,1
26467,18,1
15161,18,1
19360,18,1
26480,18,1
12211,18,1
15595,18,1
2681,18,1
15554,18,1
10221,18,1
26685,18,1
21704,18,1
11203,18,1
21287,18,1
2417,18,1
7755,18,1
27099,18,1
10274,18,1
27218,18,1
23671,18,1
27336,18,1
14927,18,1
11616,18,1
27550,18,1
12830,18,1
6250,18,1
26441,18,1
6087,18,1
26244,18,1
21090,18,1
7401,18,1
7735,18,1
6780,18,1
14782,18,1
20875,18,1
10259,18,1
14784,18,1
28186,18,1
6944,18,1
2670,18,1
9976,18,1
28254,18,1
19588,18,1
19330,18,1
19006,18,1
13482,18,1
14615,18,1
11579,18,1
25184,18,1
28642,18,1
19929,18,1
21628,18,1
18541,18,1
19013,18,1
28264,18,1
8343,18,1
11650,18,1
8678,18,1
9614,18,1
29231,18,1
18894,18,1
18918,18,1
29265,18,1
29272,18,1
5172,18,1
8885,18,1
29371,18,1
13855,18,1
23045,18,1
6852,18,1
24675,18,1
8471,18,1
29940,18,1
16188,18,1
5229,18,1
9861,18,1
23213,18,1
19102,18,1
30107,18,1
14883,18,1
12903,18,1
30493,18,1
8188,18,1
19398,18,1
27893,18,1
30922,18,1
30953,18,1
31010,18,1
8983,18,1
13804,18,1
27565,18,1
26355,18,1
11200,18,1
31530,18,1
19343,18,1
6464,18,1
21749,18,1
3526,18,1
31717,18,1
9863,18,1
14820,18,1
21171,18,1
19059,18,1
18997,18,1
13243,18,1
17602,18,1
13384,18,1
3788,18,1
3849,18,1
30385,18,1
32621,18,1
71477,18,1
32684,18,1
6469,18,1
11755,18,1
32700,18,1
13575,18,1
32790,18,1
3915,18,1
10057,18,1
33021,18,1
10626,18,1
23343,18,1
33038,18,1
33049,18,1
13638,18,1
19783,18,1
31811,18,1
40408,18,1
59062,18,1
23437,18,1
33179,18,1
33181,18,1
33182,18,1
20030,18,1
20855,18,1
23294,18,1
33273,18,1
7629,18,1
19146,18,1
17295,18,1
3982,18,1
18373,18,1
7108,18,1
33512,18,1
33570,18,1
14438,18,1
33681,18,1
4100,18,1
33742,18,1
13793,18,1
25294,18,1
4110,18,1
10187,18,1
34030,18,1
26181,18,1
34058,18,1
34344,18,1
4226,18,1
27650,18,1
4234,18,1
7439,18,1
34465,18,1
19325,18,1
4292,18,1
6841,18,1
11504,18,1
10305,18,1
30404,18,1
21776,18,1
34902,18,1
12895,18,1
35026,18,1
9574,18,1
35772,18,1
35775,18,1
20074,18,1
35969,18,1
28265,18,1
36017,18,1
23686,18,1
5508,18,1
21259,18,1
35430,18,1
35537,18,1
33364,18,1
26760,18,1
36234,18,1
8191,18,1
9746,18,1
4749,18,1
11775,18,1
19567,18,1
8463,18,1
36627,18,1
19583,18,1
26309,18,1
31925,18,1
37037,18,1
22134,18,1
5028,18,1
37373,18,1
5169,18,1
28362,18,1
5127,18,1
37480,18,1
63179,18,1
37627,18,1
37649,18,1
12593,18,1
16396,18,1
19053,18,1
33739,18,1
37923,18,1
7620,18,1
10477,18,1
22901,18,1
24278,18,1
36952,18,1
38120,18,1
38132,18,1
40233,18,1
50407,18,1
73575,18,1
38425,18,1
23738,18,1
25181,18,1
18932,18,1
38625,18,1
6382,18,1
9232,18,1
26299,18,1
38679,18,1
38680,18,1
38681,18,1
38682,18,1
38683,18,1
38684,18,1
5391,18,1
38721,18,1
5420,18,1
16858,18,1
19617,18,1
39000,18,1
39061,18,1
5653,18,1
19550,18,1
39320,18,1
5698,18,1
5749,18,1
39477,18,1
13455,18,1
6785,18,1
13112,18,1
33707,18,1
39634,18,1
36895,18,1
39655,18,1
39216,18,1
18983,18,1
39697,18,1
11346,18,1
18545,18,1
13811,18,1
40247,18,1
15949,18,1
10433,18,1
28095,18,1
40449,18,1
13742,18,1
20760,18,1
6149,18,1
6225,18,1
20089,18,1
16035,18,1
20241,18,1
22605,18,1
41455,18,1
23134,18,1
10338,18,1
21775,18,1
21845,18,1
13571,18,1
13948,18,1
28267,18,1
41811,18,1
41858,18,1
41859,18,1
28343,18,1
6940,18,1
17556,18,1
6744,18,1
30760,18,1
6805,18,1
42228,18,1
35188,18,1
6846,18,1
6927,18,1
6930,18,1
6932,18,1
42524,18,1
42562,18,1
7413,18,1
42915,18,1
9077,18,1
32781,18,1
17171,18,1
7273,18,1
21446,18,1
21716,18,1
23308,18,1
43460,18,1
19384,18,1
33322,18,1
43835,18,1
7521,18,1
33741,18,1
40110,18,1
37457,18,1
44073,18,1
44092,18,1
20785,18,1
24362,18,1
44627,18,1
32830,18,1
27658,18,1
29786,18,1
44996,18,1
29088,18,1
39618,18,1
16170,18,1
29059,18,1
30616,18,1
45439,18,1
45544,18,1
8481,18,1
8491,18,1
34044,18,1
14783,18,1
8920,18,1
9066,18,1
27608,18,1
17190,18,1
13325,18,1
47048,18,1
47314,18,1
9744,18,1
9748,18,1
9790,18,1
9935,18,1
9949,18,1
20228,18,1
10127,18,1
16593,18,1
10230,18,1
47868,18,1
10324,18,1
47929,18,1
47944,18,1
10386,18,1
30840,18,1
48257,18,1
25993,18,1
33437,18,1
20865,18,1
48499,18,1
28034,18,1
34620,18,1
11287,18,1
31382,18,1
49520,18,1
38274,18,1
49615,18,1
11563,18,1
47137,18,1
71425,18,1
50074,18,1
11930,18,1
12646,18,1
51245,18,1
28155,18,1
43200,18,1
19183,18,1
32925,18,1
13250,18,1
30716,18,1
13356,18,1
13366,18,1
13423,18,1
51921,18,1
13563,18,1
13633,18,1
13705,18,1
33709,18,1
13758,18,1
52233,18,1
14088,18,1
52429,18,1
52451,18,1
21523,18,1
14458,18,1
52597,18,1
26819,18,1
14878,18,1
23610,18,1
14903,18,1
14985,18,1
15030,18,1
21262,18,1
15385,18,1
53802,18,1
15790,18,1
15870,18,1
54153,18,1
16174,18,1
16286,18,1
16687,18,1
54522,18,1
16516,18,1
38884,18,1
16857,18,1
16988,18,1
17282,18,1
17473,18,1
18237,18,1
18258,18,1
18271,18,1
33757,18,1
41367,18,1
19170,18,1
56517,18,1
19230,18,1
56543,18,1
56586,18,1
24931,18,1
19568,18,1
19584,18,1
19606,18,1
19620,18,1
19652,18,1
57123,18,1
30503,18,1
20118,18,1
21654,18,1
57728,18,1
21235,18,1
21298,18,1
33044,18,1
43328,18,1
28195,18,1
34130,18,1
50209,18,1
21712,18,1
58638,18,1
21848,18,1
21922,18,1
22309,18,1
23082,18,1
23100,18,1
23205,18,1
23275,18,1
23662,18,1
23733,18,1
28017,18,1
24297,18,1
24301,18,1
24648,18,1
24734,18,1
24823,18,1
24837,18,1
24891,18,1
24955,18,1
25085,18,1
25355,18,1
60997,18,1
25755,18,1
25952,18,1
26247,18,1
26292,18,1
26308,18,1
26723,18,1
26855,18,1
61590,18,1
27459,18,1
28105,18,1
28262,18,1
33597,18,1
28422,18,1
29238,18,1
36243,18,1
29445,18,1
29479,18,1
62528,18,1
29778,18,1
29901,18,1
30339,18,1
30463,18,1
34520,18,1
30709,18,1
30841,18,1
62958,18,1
31012,18,1
31163,18,1
31488,18,1
31800,18,1
34162,18,1
32575,18,1
32999,18,1
33638,18,1
64101,18,1
34618,18,1
35580,18,1
36239,18,1
36444,18,1
37040,18,1
37041,18,1
37043,18,1
51838,18,1
37492,18,1
45813,18,1
38098,18,1
45933,18,1
63147,18,1
40659,18,1
40690,18,1
40940,18,1
41158,18,1
60273,18,1
41855,18,1
42625,18,1
43574,18,1
43621,18,1
66898,18,1
44297,18,1
66923,18,1
44687,18,1
44766,18,1
45111,18,1
67201,18,1
67376,18,1
46536,18,1
48250,18,1
48276,18,1
48859,18,1
49399,18,1
49901,18,1
49997,18,1
68104,18,1
50279,18,1
51455,18,1
51478,18,1
51822,18,1
56189,18,1
59040,18,1
59849,18,1
69861,18,1
61369,18,1
63403,18,1
63957,18,1
67299,18,1
71390,18,1
71777,18,1
71790,18,1
71798,18,1
71801,18,1
72044,18,1
72376,18,1
72413,18,1
72512,18,1
73124,18,1
73199,18,1
74620,18,1
74621,18,1
74622,18,1
74623,18,1
74624,18,1
74625,18,1
74626,18,1
74627,18,1
74628,18,1
74629,18,1
74630,18,1
74631,18,1
74632,18,1
74633,18,1
74634,18,1
74635,18,1
74636,18,1
74637,18,1
74638,18,1
74639,18,1
74640,18,1
74641,18,1
74642,18,1
74643,18,1
74644,18,1
74645,18,1
74646,18,1
74647,18,1
74648,18,1
74649,18,1
74650,18,1
74651,18,1
74652,18,1
74653,18,1
74654,18,1
74655,18,1
74657,18,1
74658,18,1
74659,18,1
74660,18,1
74661,18,1
74662,18,1
74663,18,1
74664,18,1
74665,18,1
74666,18,1
74667,18,1
74668,18,1
74669,18,1
74670,18,1
74671,18,1
74672,18,1
74673,18,1
74674,18,1
74675,18,1
74676,18,1
74677,18,1
74678,18,1
74679,18,1
74680,18,1
74681,18,1
74682,18,1
74683,18,1
74684,18,1
74685,18,1
74686,18,1
74687,18,1
74688,18,1
74689,18,1
74690,18,1
74691,18,1
74692,18,1
74693,18,1
74694,18,1
74695,18,1
74696,18,1
74697,18,1
74698,18,1
74699,18,1
74700,18,1
74701,18,1
74702,18,1
74703,18,1
74704,18,1
74705,18,1
74706,18,1
74707,18,1
74708,18,1
74709,18,1
74710,18,1
74711,18,1
74712,18,1
74713,18,1
74714,18,1
74715,18,1
74716,18,1
74717,18,1
